Grant,Bell,64
Gray,Galloway,72
Nicholas,Hoover,101
Mohammad,Ballard,15
Cleo,Garza,1
Jeremy,Pope,45
Aspen,Reed,61
Nayda,Mcclure,6
Lillian,Morris,32
Wesley,Olson,16
Eve,Roberson,32
Denise,Nixon,3
Bert,Tyson,51
Isabella,Mccoy,24
Alfreda,Arnold,41
Madaline,Francis,51
Audra,Flynn,52
Emma,Adams,64
Lucas,Castillo,23
Emmanuel,Bridges,58
Kermit,Carter,100
Chelsea,Goodwin,13
Sybil,Valentine,74
Valentine,Turner,60
Claudia,Lamb,14
Naida,Pittman,64
Jason,Pope,62
Oscar,Brooks,79
Melissa,Blair,51
Tanek,Avila,60
Illiana,Mercado,75
Perry,Solomon,36
Cameron,Lane,31
Tashya,Webb,64
Donovan,Vasquez,52
Stone,Gutierrez,47
Lael,Dennis,95
Lucy,Stone,96
Samson,Booker,65
Odessa,Kent,5
Brianna,Knapp,92
Eden,Lott,44
Kadeem,Lynn,90
Joelle,Reese,41
Liberty,Rowe,50
Stella,Pittman,35
Xerxes,Miles,83
Madeson,Hopkins,1
Jenna,Vasquez,51
Brynne,Washington,31
Katelyn,Ayers,52
Willa,Mitchell,60
Emerson,Horne,50
Zachary,Coleman,62
Stewart,Mcneil,20
Tucker,Barron,20
